source,month,n
assabah,2010-10,180
assabah,2010-11,170
assabah,2010-12,196
assabah,2011-01,182
assabah,2011-02,182
assabah,2011-03,223
assabah,2011-04,185
assabah,2011-05,187
assabah,2011-06,207
assabah,2011-07,189
assabah,2011-08,164
assabah,2011-09,214
assabah,2011-10,197
assabah,2011-11,188
assabah,2011-12,221
assabah,2012-01,195
assabah,2012-02,211
assabah,2012-03,192
assabah,2012-04,188
assabah,2012-05,204
assabah,2012-06,196
assabah,2012-07,204
assabah,2012-08,190
assabah,2012-09,193
assabah,2012-10,181
assabah,2012-11,217
assabah,2012-12,200
assabah,2013-01,217
assabah,2013-02,233
assabah,2013-03,232
assabah,2013-04,233
assabah,2013-05,268
assabah,2013-06,262
assabah,2013-07,325
assabah,2013-08,206
assabah,2013-09,231
assabah,2013-10,241
assabah,2013-11,188
assabah,2013-12,83
assabah,2014-01,257
assabah,2014-02,230
assabah,2014-03,168
assabah,2014-04,255
assabah,2014-05,183
assabah,2014-06,206
assabah,2014-07,270
assabah,2014-08,287
assabah,2014-09,263
assabah,2014-10,254
assabah,2014-11,203
assabah,2014-12,115
assabah,2015-01,298
assabah,2015-02,255
assabah,2015-03,265
assabah,2015-04,251
assabah,2015-05,259
assabah,2015-06,313
assabah,2015-07,326
assabah,2015-08,288
assabah,2015-09,266
assabah,2015-10,266
assabah,2015-11,232
assabah,2015-12,315
assabah,2016-01,304
assabah,2016-02,304
assabah,2016-03,336
assabah,2016-04,327
assabah,2016-05,288
assabah,2016-06,291
assabah,2016-07,217
assabah,2016-08,309
assabah,2016-09,261
assabah,2016-10,326
assabah,2016-11,353
assabah,2016-12,356
assabah,2017-01,346
assabah,2017-02,343
assabah,2017-03,363
assabah,2017-04,319
assabah,2017-05,335
assabah,2017-06,326
assabah,2017-07,369
assabah,2017-08,341
assabah,2017-09,287
assabah,2017-10,394
assabah,2017-11,423
assabah,2017-12,420
assabah,2018-01,450
assabah,2018-02,323
assabah,2018-03,340
assabah,2018-04,292
assabah,2018-05,318
assabah,2018-06,298
assabah,2018-07,379
assabah,2018-08,308
assabah,2018-09,330
assabah,2018-10,353
assabah,2018-11,312
assabah,2018-12,334
assabah,2019-01,374
assabah,2019-02,321
assabah,2019-03,356
assabah,2019-04,296
assabah,2019-05,385
assabah,2019-06,341
assabah,2019-07,423
assabah,2019-08,304
assabah,2019-09,420
assabah,2019-10,401
assabah,2019-11,347
assabah,2019-12,381
assabah,2020-01,400
assabah,2020-02,397
assabah,2020-03,382
assabah,2020-04,364
assabah,2020-05,291
assabah,2020-06,378
assabah,2020-07,396
assabah,2020-08,294
assabah,2020-09,353
assabah,2020-10,352
assabah,2020-11,307
assabah,2020-12,399
assabah,2021-01,376
assabah,2021-02,365
assabah,2021-03,406
assabah,2021-04,408
assabah,2021-05,355
assabah,2021-06,374
assabah,2021-07,328
assabah,2021-08,357
assabah,2021-09,362
assabah,2021-10,328
assabah,2021-11,353
assabah,2021-12,356
assabah,2022-01,341
assabah,2022-02,318
assabah,2022-03,352
assabah,2022-04,335
assabah,2022-05,321
assabah,2022-06,337
assabah,2022-07,250
assabah,2022-08,256
assabah,2022-09,355
assabah,2022-10,268
assabah,2022-11,166
assabah,2022-12,221
assabah,2023-01,312
assabah,2023-02,284
assabah,2023-03,346
assabah,2023-04,259
assabah,2023-05,325
assabah,2023-06,283
assabah,2023-07,307
assabah,2023-08,330
assabah,2023-09,313
assabah,2023-10,329
assabah,2023-11,315
assabah,2023-12,308
assabah,2024-01,342
assabah,2024-02,325
assabah,2024-03,326
assabah,2024-04,290
assabah,2024-05,330
assabah,2024-06,284
assabah,2024-07,322
assabah,2024-08,299
assabah,2024-09,315
assabah,2024-10,357
assabah,2024-11,303
assabah,2024-12,345
assabah,2025-01,336
assabah,2025-02,307
assabah,2025-03,321
assabah,2025-04,301
assabah,2025-05,316
assabah,2025-06,285
assabah,2025-07,325
assabah,2025-08,312
assabah,2025-09,340
assabah,2025-10,353
assabah,2025-11,284
assabah,2025-12,364
assabah,2026-01,332
assabah,2026-02,315
assabah,2026-03,346
assabah,2026-04,368
assabah,2026-05,241
assabah,2026-06,216
assabah,2026-07,246
assabah,2026-08,115
economist_tunisia_all,1997-04,1
economist_tunisia_all,1997-06,1
economist_tunisia_all,1997-09,1
economist_tunisia_all,1997-10,2
economist_tunisia_all,1998-01,1
economist_tunisia_all,1998-06,1
economist_tunisia_all,1998-07,1
economist_tunisia_all,1998-10,1
economist_tunisia_all,1999-03,1
economist_tunisia_all,1999-06,1
economist_tunisia_all,1999-10,1
economist_tunisia_all,2000-01,1
economist_tunisia_all,2000-03,1
economist_tunisia_all,2000-04,4
economist_tunisia_all,2000-05,1
economist_tunisia_all,2000-10,1
economist_tunisia_all,2000-11,1
economist_tunisia_all,2001-02,1
economist_tunisia_all,2001-06,2
economist_tunisia_all,2001-08,2
economist_tunisia_all,2002-04,1
economist_tunisia_all,2002-06,1
economist_tunisia_all,2002-07,2
economist_tunisia_all,2002-08,1
economist_tunisia_all,2002-09,1
economist_tunisia_all,2002-10,1
economist_tunisia_all,2003-03,1
economist_tunisia_all,2003-08,2
economist_tunisia_all,2003-10,1
economist_tunisia_all,2004-01,1
economist_tunisia_all,2004-03,3
economist_tunisia_all,2004-04,3
economist_tunisia_all,2004-05,1
economist_tunisia_all,2004-06,1
economist_tunisia_all,2004-07,1
economist_tunisia_all,2004-08,1
economist_tunisia_all,2004-09,1
economist_tunisia_all,2004-10,3
economist_tunisia_all,2005-05,1
economist_tunisia_all,2005-08,1
economist_tunisia_all,2005-11,4
economist_tunisia_all,2005-12,1
economist_tunisia_all,2006-04,2
economist_tunisia_all,2006-05,1
economist_tunisia_all,2006-06,2
economist_tunisia_all,2006-07,2
economist_tunisia_all,2006-08,1
economist_tunisia_all,2007-01,2
economist_tunisia_all,2007-02,2
economist_tunisia_all,2007-04,1
economist_tunisia_all,2007-05,1
economist_tunisia_all,2007-06,1
economist_tunisia_all,2007-07,2
economist_tunisia_all,2007-08,1
economist_tunisia_all,2007-09,2
economist_tunisia_all,2007-10,1
economist_tunisia_all,2007-11,1
economist_tunisia_all,2007-12,2
economist_tunisia_all,2008-02,5
economist_tunisia_all,2008-03,1
economist_tunisia_all,2008-04,1
economist_tunisia_all,2008-05,5
economist_tunisia_all,2008-06,2
economist_tunisia_all,2008-07,1
economist_tunisia_all,2008-08,3
economist_tunisia_all,2008-09,1
economist_tunisia_all,2008-10,1
economist_tunisia_all,2008-11,3
economist_tunisia_all,2008-12,1
economist_tunisia_all,2009-01,1
economist_tunisia_all,2009-02,2
economist_tunisia_all,2009-03,2
economist_tunisia_all,2009-04,1
economist_tunisia_all,2009-05,1
economist_tunisia_all,2009-08,1
economist_tunisia_all,2009-09,2
economist_tunisia_all,2009-10,2
economist_tunisia_all,2009-12,2
economist_tunisia_all,2010-02,3
economist_tunisia_all,2010-03,6
economist_tunisia_all,2010-04,2
economist_tunisia_all,2010-05,4
economist_tunisia_all,2010-06,1
economist_tunisia_all,2010-07,5
economist_tunisia_all,2010-08,3
economist_tunisia_all,2010-09,3
economist_tunisia_all,2010-10,1
economist_tunisia_all,2010-11,4
economist_tunisia_all,2010-12,2
economist_tunisia_all,2011-01,21
economist_tunisia_all,2011-02,28
economist_tunisia_all,2011-03,16
economist_tunisia_all,2011-04,9
economist_tunisia_all,2011-05,9
economist_tunisia_all,2011-06,4
economist_tunisia_all,2011-07,11
economist_tunisia_all,2011-08,5
economist_tunisia_all,2011-09,5
economist_tunisia_all,2011-10,6
economist_tunisia_all,2011-11,6
economist_tunisia_all,2011-12,2
economist_tunisia_all,2012-01,4
economist_tunisia_all,2012-02,4
economist_tunisia_all,2012-03,5
economist_tunisia_all,2012-04,4
economist_tunisia_all,2012-05,2
economist_tunisia_all,2012-06,5
economist_tunisia_all,2012-07,1
economist_tunisia_all,2012-08,1
economist_tunisia_all,2012-09,6
economist_tunisia_all,2012-10,3
economist_tunisia_all,2012-11,5
economist_tunisia_all,2012-12,5
economist_tunisia_all,2013-01,3
economist_tunisia_all,2013-02,4
economist_tunisia_all,2013-03,3
economist_tunisia_all,2013-04,3
economist_tunisia_all,2013-05,10
economist_tunisia_all,2013-06,9
economist_tunisia_all,2013-07,3
economist_tunisia_all,2013-08,2
economist_tunisia_all,2013-09,2
economist_tunisia_all,2013-10,6
economist_tunisia_all,2013-11,9
economist_tunisia_all,2013-12,5
economist_tunisia_all,2014-01,6
economist_tunisia_all,2014-02,2
economist_tunisia_all,2014-03,3
economist_tunisia_all,2014-04,1
economist_tunisia_all,2014-05,2
economist_tunisia_all,2014-06,3
economist_tunisia_all,2014-07,3
economist_tunisia_all,2014-08,1
economist_tunisia_all,2014-10,4
economist_tunisia_all,2014-11,5
economist_tunisia_all,2014-12,4
economist_tunisia_all,2015-01,4
economist_tunisia_all,2015-02,3
economist_tunisia_all,2015-03,3
economist_tunisia_all,2015-04,4
economist_tunisia_all,2015-05,1
economist_tunisia_all,2015-06,2
economist_tunisia_all,2015-07,4
economist_tunisia_all,2015-08,3
economist_tunisia_all,2015-09,2
economist_tunisia_all,2015-10,2
economist_tunisia_all,2015-11,7
economist_tunisia_all,2015-12,2
economist_tunisia_all,2016-01,2
economist_tunisia_all,2016-02,1
economist_tunisia_all,2016-04,1
economist_tunisia_all,2016-05,1
economist_tunisia_all,2016-08,2
economist_tunisia_all,2016-11,1
economist_tunisia_all,2016-12,2
economist_tunisia_all,2017-01,4
economist_tunisia_all,2017-04,1
economist_tunisia_all,2017-05,3
economist_tunisia_all,2017-06,1
economist_tunisia_all,2017-08,2
economist_tunisia_all,2017-12,1
economist_tunisia_all,2018-01,3
economist_tunisia_all,2018-02,2
economist_tunisia_all,2018-03,2
economist_tunisia_all,2018-05,1
economist_tunisia_all,2018-06,2
economist_tunisia_all,2018-07,2
economist_tunisia_all,2018-08,2
economist_tunisia_all,2018-10,1
economist_tunisia_all,2018-11,1
economist_tunisia_all,2018-12,2
economist_tunisia_all,2019-04,1
economist_tunisia_all,2019-05,1
economist_tunisia_all,2019-06,1
economist_tunisia_all,2019-07,2
economist_tunisia_all,2019-08,1
economist_tunisia_all,2019-09,2
economist_tunisia_all,2019-10,2
economist_tunisia_all,2019-12,1
economist_tunisia_all,2020-02,2
economist_tunisia_all,2020-05,3
economist_tunisia_all,2020-06,1
economist_tunisia_all,2020-07,2
economist_tunisia_all,2020-08,3
economist_tunisia_all,2020-09,1
economist_tunisia_all,2020-11,3
economist_tunisia_all,2020-12,4
economist_tunisia_all,2021-01,1
economist_tunisia_all,2021-02,1
economist_tunisia_all,2021-04,2
economist_tunisia_all,2021-05,4
economist_tunisia_all,2021-06,2
economist_tunisia_all,2021-07,2
economist_tunisia_all,2021-08,3
economist_tunisia_all,2021-09,2
economist_tunisia_all,2021-10,3
economist_tunisia_all,2021-11,3
economist_tunisia_all,2021-12,3
economist_tunisia_all,2022-01,6
economist_tunisia_all,2022-02,4
economist_tunisia_all,2022-03,1
economist_tunisia_all,2022-04,6
economist_tunisia_all,2022-06,2
economist_tunisia_all,2022-08,5
economist_tunisia_all,2022-09,4
economist_tunisia_all,2022-10,2
economist_tunisia_all,2022-11,3
economist_tunisia_all,2022-12,1
economist_tunisia_all,2023-01,1
economist_tunisia_all,2023-02,1
economist_tunisia_all,2023-03,5
economist_tunisia_all,2023-04,4
economist_tunisia_all,2023-05,6
economist_tunisia_all,2023-06,5
economist_tunisia_all,2023-07,1
economist_tunisia_all,2023-08,3
economist_tunisia_all,2023-09,2
economist_tunisia_all,2023-10,2
economist_tunisia_all,2023-11,7
economist_tunisia_all,2024-01,1
economist_tunisia_all,2024-02,2
economist_tunisia_all,2024-03,1
economist_tunisia_all,2024-04,1
economist_tunisia_all,2024-05,3
economist_tunisia_all,2024-07,3
economist_tunisia_all,2024-08,3
economist_tunisia_all,2024-09,3
economist_tunisia_all,2024-10,2
economist_tunisia_all,2024-11,6
economist_tunisia_all,2024-12,5
economist_tunisia_all,2025-01,2
economist_tunisia_all,2025-02,8
economist_tunisia_all,2025-03,4
economist_tunisia_all,2025-04,3
economist_tunisia_all,2025-05,5
economist_tunisia_all,2025-06,3
economist_tunisia_all,2025-07,7
economist_tunisia_all,2025-08,7
economist_tunisia_all,2025-09,10
economist_tunisia_all,2025-10,16
economist_tunisia_all,2025-11,7
economist_tunisia_all,2025-12,8
economist_tunisia_all,2026-01,21
economist_tunisia_all,2026-02,21
economist_tunisia_all,2026-03,17
economist_tunisia_all,2026-04,33
economist_tunisia_all,2026-05,29
economist_tunisia_all,2026-06,49
economist_tunisia_all,2026-07,77
economist_tunisia_all,2026-08,123
economist_tunisia_all,2026-09,90
economist_tunisia_economy,1997-04,1
economist_tunisia_economy,1997-06,1
economist_tunisia_economy,1997-09,1
economist_tunisia_economy,1997-10,2
economist_tunisia_economy,1998-01,1
economist_tunisia_economy,1998-06,1
economist_tunisia_economy,1998-07,1
economist_tunisia_economy,1998-10,1
economist_tunisia_economy,1999-03,1
economist_tunisia_economy,1999-06,1
economist_tunisia_economy,2000-03,1
economist_tunisia_economy,2000-04,2
economist_tunisia_economy,2000-05,1
economist_tunisia_economy,2000-11,1
economist_tunisia_economy,2001-02,1
economist_tunisia_economy,2001-06,2
economist_tunisia_economy,2001-08,1
economist_tunisia_economy,2002-06,1
economist_tunisia_economy,2002-07,1
economist_tunisia_economy,2002-09,1
economist_tunisia_economy,2002-10,1
economist_tunisia_economy,2003-08,2
economist_tunisia_economy,2003-10,1
economist_tunisia_economy,2004-03,1
economist_tunisia_economy,2004-05,1
economist_tunisia_economy,2004-06,1
economist_tunisia_economy,2004-07,1
economist_tunisia_economy,2004-08,1
economist_tunisia_economy,2004-10,1
economist_tunisia_economy,2005-08,1
economist_tunisia_economy,2005-11,1
economist_tunisia_economy,2005-12,1
economist_tunisia_economy,2006-04,2
economist_tunisia_economy,2006-05,1
economist_tunisia_economy,2006-06,2
economist_tunisia_economy,2006-07,1
economist_tunisia_economy,2006-08,1
economist_tunisia_economy,2007-01,2
economist_tunisia_economy,2007-02,1
economist_tunisia_economy,2007-05,1
economist_tunisia_economy,2007-06,1
economist_tunisia_economy,2007-07,1
economist_tunisia_economy,2007-09,2
economist_tunisia_economy,2007-10,1
economist_tunisia_economy,2007-11,1
economist_tunisia_economy,2008-02,3
economist_tunisia_economy,2008-04,1
economist_tunisia_economy,2008-05,2
economist_tunisia_economy,2008-06,1
economist_tunisia_economy,2008-08,1
economist_tunisia_economy,2008-10,1
economist_tunisia_economy,2008-11,2
economist_tunisia_economy,2008-12,1
economist_tunisia_economy,2009-02,2
economist_tunisia_economy,2009-03,2
economist_tunisia_economy,2009-04,1
economist_tunisia_economy,2009-05,1
economist_tunisia_economy,2009-08,1
economist_tunisia_economy,2009-09,2
economist_tunisia_economy,2009-10,1
economist_tunisia_economy,2009-12,2
economist_tunisia_economy,2010-02,1
economist_tunisia_economy,2010-03,6
economist_tunisia_economy,2010-04,2
economist_tunisia_economy,2010-05,3
economist_tunisia_economy,2010-07,4
economist_tunisia_economy,2010-08,3
economist_tunisia_economy,2010-09,2
economist_tunisia_economy,2010-10,1
economist_tunisia_economy,2010-11,3
economist_tunisia_economy,2010-12,2
economist_tunisia_economy,2011-01,10
economist_tunisia_economy,2011-02,11
economist_tunisia_economy,2011-03,8
economist_tunisia_economy,2011-04,6
economist_tunisia_economy,2011-05,5
economist_tunisia_economy,2011-06,3
economist_tunisia_economy,2011-07,6
economist_tunisia_economy,2011-08,1
economist_tunisia_economy,2011-09,2
economist_tunisia_economy,2011-10,1
economist_tunisia_economy,2011-11,2
economist_tunisia_economy,2012-01,2
economist_tunisia_economy,2012-02,2
economist_tunisia_economy,2012-03,1
economist_tunisia_economy,2012-04,1
economist_tunisia_economy,2012-05,1
economist_tunisia_economy,2012-06,4
economist_tunisia_economy,2012-07,1
economist_tunisia_economy,2012-09,4
economist_tunisia_economy,2012-11,1
economist_tunisia_economy,2012-12,4
economist_tunisia_economy,2013-01,1
economist_tunisia_economy,2013-02,1
economist_tunisia_economy,2013-03,2
economist_tunisia_economy,2013-04,2
economist_tunisia_economy,2013-05,3
economist_tunisia_economy,2013-06,3
economist_tunisia_economy,2013-07,1
economist_tunisia_economy,2013-08,1
economist_tunisia_economy,2013-10,4
economist_tunisia_economy,2013-11,6
economist_tunisia_economy,2013-12,3
economist_tunisia_economy,2014-01,1
economist_tunisia_economy,2014-03,2
economist_tunisia_economy,2014-06,1
economist_tunisia_economy,2014-07,1
economist_tunisia_economy,2014-08,1
economist_tunisia_economy,2014-10,1
economist_tunisia_economy,2014-11,1
economist_tunisia_economy,2014-12,2
economist_tunisia_economy,2015-01,2
economist_tunisia_economy,2015-02,2
economist_tunisia_economy,2015-03,1
economist_tunisia_economy,2015-05,1
economist_tunisia_economy,2015-06,1
economist_tunisia_economy,2015-07,2
economist_tunisia_economy,2015-08,3
economist_tunisia_economy,2015-09,1
economist_tunisia_economy,2015-10,1
economist_tunisia_economy,2015-11,3
economist_tunisia_economy,2016-01,1
economist_tunisia_economy,2016-05,1
economist_tunisia_economy,2016-08,1
economist_tunisia_economy,2016-12,1
economist_tunisia_economy,2017-01,3
economist_tunisia_economy,2017-04,1
economist_tunisia_economy,2017-05,1
economist_tunisia_economy,2017-06,1
economist_tunisia_economy,2017-08,1
economist_tunisia_economy,2017-12,1
economist_tunisia_economy,2018-01,2
economist_tunisia_economy,2018-02,2
economist_tunisia_economy,2018-06,2
economist_tunisia_economy,2018-07,2
economist_tunisia_economy,2018-08,1
economist_tunisia_economy,2018-11,1
economist_tunisia_economy,2018-12,1
economist_tunisia_economy,2019-06,1
economist_tunisia_economy,2019-09,2
economist_tunisia_economy,2019-10,1
economist_tunisia_economy,2020-02,2
economist_tunisia_economy,2020-05,2
economist_tunisia_economy,2020-06,1
economist_tunisia_economy,2020-08,1
economist_tunisia_economy,2020-11,2
economist_tunisia_economy,2020-12,2
economist_tunisia_economy,2021-01,1
economist_tunisia_economy,2021-02,1
economist_tunisia_economy,2021-04,2
economist_tunisia_economy,2021-05,3
economist_tunisia_economy,2021-06,2
economist_tunisia_economy,2021-07,1
economist_tunisia_economy,2021-08,1
economist_tunisia_economy,2021-09,1
economist_tunisia_economy,2021-10,2
economist_tunisia_economy,2021-11,1
economist_tunisia_economy,2021-12,2
economist_tunisia_economy,2022-01,3
economist_tunisia_economy,2022-02,4
economist_tunisia_economy,2022-04,5
economist_tunisia_economy,2022-06,2
economist_tunisia_economy,2022-08,4
economist_tunisia_economy,2022-09,3
economist_tunisia_economy,2022-10,2
economist_tunisia_economy,2022-11,3
economist_tunisia_economy,2023-02,1
economist_tunisia_economy,2023-03,3
economist_tunisia_economy,2023-04,4
economist_tunisia_economy,2023-05,5
economist_tunisia_economy,2023-06,4
economist_tunisia_economy,2023-07,1
economist_tunisia_economy,2023-08,2
economist_tunisia_economy,2023-11,4
economist_tunisia_economy,2024-02,2
economist_tunisia_economy,2024-03,1
economist_tunisia_economy,2024-04,1
economist_tunisia_economy,2024-05,2
economist_tunisia_economy,2024-07,2
economist_tunisia_economy,2024-08,3
economist_tunisia_economy,2024-09,2
economist_tunisia_economy,2024-10,1
economist_tunisia_economy,2024-11,4
economist_tunisia_economy,2024-12,4
economist_tunisia_economy,2025-01,2
economist_tunisia_economy,2025-02,8
economist_tunisia_economy,2025-03,3
economist_tunisia_economy,2025-04,2
economist_tunisia_economy,2025-05,4
economist_tunisia_economy,2025-06,3
economist_tunisia_economy,2025-07,6
economist_tunisia_economy,2025-08,7
economist_tunisia_economy,2025-09,8
economist_tunisia_economy,2025-10,14
economist_tunisia_economy,2025-11,6
economist_tunisia_economy,2025-12,8
economist_tunisia_economy,2026-01,16
economist_tunisia_economy,2026-02,15
economist_tunisia_economy,2026-03,13
economist_tunisia_economy,2026-04,20
economist_tunisia_economy,2026-05,22
economist_tunisia_economy,2026-06,39
economist_tunisia_economy,2026-07,56
economist_tunisia_economy,2026-08,76
economist_tunisia_economy,2026-09,50
guardian_tunisia,2004-10,1
guardian_tunisia,2004-12,1
guardian_tunisia,2005-11,1
guardian_tunisia,2005-12,1
guardian_tunisia,2006-09,1
guardian_tunisia,2006-10,1
guardian_tunisia,2006-11,1
guardian_tunisia,2007-02,1
guardian_tunisia,2007-08,1
guardian_tunisia,2007-11,1
guardian_tunisia,2008-01,1
guardian_tunisia,2008-04,1
guardian_tunisia,2008-06,1
guardian_tunisia,2008-11,1
guardian_tunisia,2008-12,2
guardian_tunisia,2009-02,1
guardian_tunisia,2009-06,1
guardian_tunisia,2009-09,3
guardian_tunisia,2009-10,5
guardian_tunisia,2009-11,1
guardian_tunisia,2009-12,1
guardian_tunisia,2010-01,6
guardian_tunisia,2010-04,1
guardian_tunisia,2010-05,1
guardian_tunisia,2010-06,1
guardian_tunisia,2010-07,2
guardian_tunisia,2010-08,1
guardian_tunisia,2010-11,1
guardian_tunisia,2010-12,8
guardian_tunisia,2011-01,100
guardian_tunisia,2011-02,81
guardian_tunisia,2011-03,38
guardian_tunisia,2011-04,13
guardian_tunisia,2011-05,25
guardian_tunisia,2011-06,18
guardian_tunisia,2011-07,3
guardian_tunisia,2011-08,5
guardian_tunisia,2011-09,3
guardian_tunisia,2011-10,72
guardian_tunisia,2011-11,11
guardian_tunisia,2011-12,7
guardian_tunisia,2012-01,13
guardian_tunisia,2012-02,8
guardian_tunisia,2012-03,3
guardian_tunisia,2012-04,7
guardian_tunisia,2012-05,6
guardian_tunisia,2012-06,7
guardian_tunisia,2012-07,5
guardian_tunisia,2012-09,14
guardian_tunisia,2012-10,7
guardian_tunisia,2012-11,1
guardian_tunisia,2012-12,6
guardian_tunisia,2013-01,2
guardian_tunisia,2013-02,24
guardian_tunisia,2013-03,7
guardian_tunisia,2013-04,9
guardian_tunisia,2013-05,7
guardian_tunisia,2013-06,9
guardian_tunisia,2013-07,12
guardian_tunisia,2013-08,2
guardian_tunisia,2013-09,5
guardian_tunisia,2013-10,6
guardian_tunisia,2013-11,1
guardian_tunisia,2013-12,3
guardian_tunisia,2014-01,4
guardian_tunisia,2014-02,1
guardian_tunisia,2014-03,2
guardian_tunisia,2014-05,1
guardian_tunisia,2014-06,2
guardian_tunisia,2014-07,2
guardian_tunisia,2014-08,3
guardian_tunisia,2014-09,2
guardian_tunisia,2014-10,8
guardian_tunisia,2014-11,6
guardian_tunisia,2014-12,7
guardian_tunisia,2015-01,2
guardian_tunisia,2015-03,44
guardian_tunisia,2015-04,1
guardian_tunisia,2015-05,4
guardian_tunisia,2015-06,79
guardian_tunisia,2015-07,52
guardian_tunisia,2015-08,5
guardian_tunisia,2015-09,3
guardian_tunisia,2015-10,7
guardian_tunisia,2015-11,6
guardian_tunisia,2015-12,12
guardian_tunisia,2016-01,10
guardian_tunisia,2016-02,2
guardian_tunisia,2016-03,4
guardian_tunisia,2016-04,1
guardian_tunisia,2016-05,2
guardian_tunisia,2016-06,7
guardian_tunisia,2016-07,6
guardian_tunisia,2016-08,2
guardian_tunisia,2016-09,2
guardian_tunisia,2016-10,4
guardian_tunisia,2016-11,1
guardian_tunisia,2016-12,10
guardian_tunisia,2017-01,13
guardian_tunisia,2017-02,13
guardian_tunisia,2017-03,2
guardian_tunisia,2017-04,2
guardian_tunisia,2017-05,4
guardian_tunisia,2017-06,1
guardian_tunisia,2017-07,2
guardian_tunisia,2017-08,3
guardian_tunisia,2017-09,3
guardian_tunisia,2017-10,2
guardian_tunisia,2017-11,3
guardian_tunisia,2017-12,1
guardian_tunisia,2018-01,14
guardian_tunisia,2018-02,2
guardian_tunisia,2018-05,1
guardian_tunisia,2018-06,2
guardian_tunisia,2018-07,2
guardian_tunisia,2018-08,1
guardian_tunisia,2018-09,2
guardian_tunisia,2018-10,2
guardian_tunisia,2018-11,2
guardian_tunisia,2018-12,2
guardian_tunisia,2019-02,1
guardian_tunisia,2019-03,2
guardian_tunisia,2019-04,5
guardian_tunisia,2019-05,1
guardian_tunisia,2019-06,4
guardian_tunisia,2019-07,5
guardian_tunisia,2019-08,1
guardian_tunisia,2019-09,7
guardian_tunisia,2019-10,4
guardian_tunisia,2019-12,2
guardian_tunisia,2020-01,1
guardian_tunisia,2020-02,2
guardian_tunisia,2020-03,1
guardian_tunisia,2020-04,2
guardian_tunisia,2020-05,1
guardian_tunisia,2020-06,2
guardian_tunisia,2020-07,1
guardian_tunisia,2020-08,1
guardian_tunisia,2020-09,1
guardian_tunisia,2020-10,3
guardian_tunisia,2020-11,2
guardian_tunisia,2020-12,7
guardian_tunisia,2021-01,4
guardian_tunisia,2021-02,6
guardian_tunisia,2021-03,1
guardian_tunisia,2021-05,3
guardian_tunisia,2021-06,3
guardian_tunisia,2021-07,15
guardian_tunisia,2021-08,4
guardian_tunisia,2021-09,4
guardian_tunisia,2021-10,3
guardian_tunisia,2021-12,4
guardian_tunisia,2022-01,2
guardian_tunisia,2022-02,2
guardian_tunisia,2022-03,2
guardian_tunisia,2022-04,4
guardian_tunisia,2022-07,4
guardian_tunisia,2022-09,1
guardian_tunisia,2022-11,2
guardian_tunisia,2022-12,3
guardian_tunisia,2023-01,2
guardian_tunisia,2023-02,6
guardian_tunisia,2023-03,9
guardian_tunisia,2023-04,8
guardian_tunisia,2023-05,11
guardian_tunisia,2023-06,3
guardian_tunisia,2023-07,8
guardian_tunisia,2023-08,7
guardian_tunisia,2023-09,6
guardian_tunisia,2023-10,5
guardian_tunisia,2023-11,1
guardian_tunisia,2023-12,2
guardian_tunisia,2024-01,2
guardian_tunisia,2024-02,2
guardian_tunisia,2024-03,2
guardian_tunisia,2024-04,1
guardian_tunisia,2024-08,1
guardian_tunisia,2024-09,6
guardian_tunisia,2024-10,6
guardian_tunisia,2024-11,2
guardian_tunisia,2024-12,2
guardian_tunisia,2025-01,1
guardian_tunisia,2025-04,3
guardian_tunisia,2025-06,1
guardian_tunisia,2025-09,7
guardian_tunisia,2026-01,1
guardian_tunisia,2026-02,1
guardian_tunisia,2026-03,2
guardian_tunisia,2026-04,1
ilboursa,2014-01,237
ilboursa,2014-02,178
ilboursa,2014-03,229
ilboursa,2014-04,270
ilboursa,2014-05,216
ilboursa,2014-06,188
ilboursa,2014-07,186
ilboursa,2014-08,106
ilboursa,2014-09,146
ilboursa,2014-10,162
ilboursa,2014-11,143
ilboursa,2014-12,175
ilboursa,2015-01,239
ilboursa,2015-02,186
ilboursa,2015-03,168
ilboursa,2015-04,214
ilboursa,2015-05,211
ilboursa,2015-06,198
ilboursa,2015-07,179
ilboursa,2015-08,146
ilboursa,2015-09,171
ilboursa,2015-10,226
ilboursa,2015-11,170
ilboursa,2015-12,166
ilboursa,2016-01,214
ilboursa,2016-02,156
ilboursa,2016-03,188
ilboursa,2016-04,246
ilboursa,2016-05,223
ilboursa,2016-06,153
ilboursa,2016-07,156
ilboursa,2016-08,124
ilboursa,2016-09,136
ilboursa,2016-10,173
ilboursa,2016-11,154
ilboursa,2016-12,139
ilboursa,2017-01,206
ilboursa,2017-02,151
ilboursa,2017-03,173
ilboursa,2017-04,215
ilboursa,2017-05,215
ilboursa,2017-06,139
ilboursa,2017-07,160
ilboursa,2017-08,141
ilboursa,2017-09,153
ilboursa,2017-10,212
ilboursa,2017-11,172
ilboursa,2017-12,146
ilboursa,2018-01,184
ilboursa,2018-02,141
ilboursa,2018-03,159
ilboursa,2018-04,216
ilboursa,2018-05,131
ilboursa,2018-06,105
ilboursa,2018-07,153
ilboursa,2018-08,127
ilboursa,2018-09,159
ilboursa,2018-10,219
ilboursa,2018-11,155
ilboursa,2018-12,151
ilboursa,2019-01,205
ilboursa,2019-02,147
ilboursa,2019-03,174
ilboursa,2019-04,226
ilboursa,2019-05,152
ilboursa,2019-06,97
ilboursa,2019-07,128
ilboursa,2019-08,109
ilboursa,2019-09,157
ilboursa,2019-10,210
ilboursa,2019-11,174
ilboursa,2019-12,164
ilboursa,2020-01,182
ilboursa,2020-02,157
ilboursa,2020-03,257
ilboursa,2020-04,283
ilboursa,2020-05,191
ilboursa,2020-06,177
ilboursa,2020-07,182
ilboursa,2020-08,135
ilboursa,2020-09,193
ilboursa,2020-10,221
ilboursa,2020-11,181
ilboursa,2020-12,187
ilboursa,2021-01,185
ilboursa,2021-02,174
ilboursa,2021-03,198
ilboursa,2021-04,233
ilboursa,2021-05,176
ilboursa,2021-06,175
ilboursa,2021-07,140
ilboursa,2021-08,113
ilboursa,2021-09,191
ilboursa,2021-10,200
ilboursa,2021-11,180
ilboursa,2021-12,200
ilboursa,2022-01,218
ilboursa,2022-02,173
ilboursa,2022-03,225
ilboursa,2022-04,245
ilboursa,2022-05,203
ilboursa,2022-06,180
ilboursa,2022-07,142
ilboursa,2022-08,150
ilboursa,2022-09,199
ilboursa,2022-10,234
ilboursa,2022-11,175
ilboursa,2022-12,178
ilboursa,2023-01,219
ilboursa,2023-02,158
ilboursa,2023-03,199
ilboursa,2023-04,200
ilboursa,2023-05,203
ilboursa,2023-06,144
ilboursa,2023-07,134
ilboursa,2023-08,138
ilboursa,2023-09,196
ilboursa,2023-10,223
ilboursa,2023-11,145
ilboursa,2023-12,142
ilboursa,2024-01,196
ilboursa,2024-02,155
ilboursa,2024-03,158
ilboursa,2024-04,195
ilboursa,2024-05,184
ilboursa,2024-06,173
ilboursa,2024-07,163
ilboursa,2024-08,105
ilboursa,2024-09,174
ilboursa,2024-10,194
ilboursa,2024-11,163
ilboursa,2024-12,141
ilboursa,2025-01,204
ilboursa,2025-02,151
ilboursa,2025-03,153
ilboursa,2025-04,219
ilboursa,2025-05,159
ilboursa,2025-06,144
ilboursa,2025-07,171
ilboursa,2025-08,87
ilboursa,2025-09,157
ilboursa,2025-10,180
ilboursa,2025-11,131
ilboursa,2025-12,167
ilboursa,2026-01,181
ilboursa,2026-02,136
ilboursa,2026-03,146
ilboursa,2026-04,167
ilboursa,2026-05,122
ilboursa,2026-06,138
ilboursa,2026-07,166
ilboursa,2026-08,86
ilboursa,2026-09,98
kapitalis,2015-05,132
kapitalis,2015-06,178
kapitalis,2015-07,152
kapitalis,2015-08,145
kapitalis,2015-09,164
kapitalis,2015-10,173
kapitalis,2015-11,141
kapitalis,2015-12,154
kapitalis,2016-01,131
kapitalis,2016-02,153
kapitalis,2016-03,120
kapitalis,2016-04,158
kapitalis,2016-05,163
kapitalis,2016-06,118
kapitalis,2016-07,109
kapitalis,2016-08,100
kapitalis,2016-09,112
kapitalis,2016-10,119
kapitalis,2016-11,115
kapitalis,2016-12,87
kapitalis,2017-01,67
kapitalis,2017-02,109
kapitalis,2017-03,112
kapitalis,2017-04,101
kapitalis,2017-05,116
kapitalis,2017-06,85
kapitalis,2017-07,114
kapitalis,2017-08,123
kapitalis,2017-09,132
kapitalis,2017-10,205
kapitalis,2017-11,172
kapitalis,2017-12,147
kapitalis,2018-01,194
kapitalis,2018-02,166
kapitalis,2018-03,169
kapitalis,2018-04,175
kapitalis,2018-05,144
kapitalis,2018-06,116
kapitalis,2018-07,150
kapitalis,2018-08,93
kapitalis,2018-09,128
kapitalis,2018-10,178
kapitalis,2018-11,122
kapitalis,2018-12,122
kapitalis,2019-01,142
kapitalis,2019-02,143
kapitalis,2019-03,117
kapitalis,2019-04,258
kapitalis,2019-05,159
kapitalis,2019-06,183
kapitalis,2019-07,210
kapitalis,2019-08,170
kapitalis,2019-09,203
kapitalis,2019-10,240
kapitalis,2019-11,253
kapitalis,2019-12,247
kapitalis,2020-01,227
kapitalis,2020-02,267
kapitalis,2020-03,264
kapitalis,2020-04,199
kapitalis,2020-05,146
kapitalis,2020-06,188
kapitalis,2020-07,139
kapitalis,2020-08,103
kapitalis,2020-09,146
kapitalis,2020-10,151
kapitalis,2020-11,76
kapitalis,2020-12,104
kapitalis,2021-01,91
kapitalis,2021-02,112
kapitalis,2021-03,99
kapitalis,2021-04,128
kapitalis,2021-05,137
kapitalis,2021-06,112
kapitalis,2021-07,62
kapitalis,2021-08,45
kapitalis,2021-09,56
kapitalis,2021-10,80
kapitalis,2021-11,109
kapitalis,2021-12,121
kapitalis,2022-01,95
kapitalis,2022-02,110
kapitalis,2022-03,158
kapitalis,2022-04,129
kapitalis,2022-05,158
kapitalis,2022-06,153
kapitalis,2022-07,102
kapitalis,2022-08,143
kapitalis,2022-09,140
kapitalis,2022-10,153
kapitalis,2022-11,114
kapitalis,2022-12,131
kapitalis,2023-01,210
kapitalis,2023-02,120
kapitalis,2023-03,150
kapitalis,2023-04,142
kapitalis,2023-05,133
kapitalis,2023-06,122
kapitalis,2023-07,100
kapitalis,2023-08,113
kapitalis,2023-09,144
kapitalis,2023-10,136
kapitalis,2023-11,116
kapitalis,2023-12,84
kapitalis,2024-01,126
kapitalis,2024-02,142
kapitalis,2024-03,118
kapitalis,2024-04,104
kapitalis,2024-05,134
kapitalis,2024-06,144
kapitalis,2024-07,109
kapitalis,2024-08,90
kapitalis,2024-09,86
kapitalis,2024-10,96
kapitalis,2024-11,117
kapitalis,2024-12,88
kapitalis,2025-01,104
kapitalis,2025-02,97
kapitalis,2025-03,106
kapitalis,2025-04,96
kapitalis,2025-05,106
kapitalis,2025-06,88
kapitalis,2025-07,100
kapitalis,2025-08,87
kapitalis,2025-09,96
kapitalis,2025-10,102
kapitalis,2025-11,80
kapitalis,2025-12,95
kapitalis,2026-01,84
kapitalis,2026-02,94
kapitalis,2026-03,102
kapitalis,2026-04,106
kapitalis,2026-05,96
kapitalis,2026-06,118
kapitalis,2026-07,127
kapitalis,2026-08,95
kapitalis,2026-09,60
lapresse,2019-04,1
lapresse,2019-05,2
lapresse,2019-06,1
lapresse,2019-07,6
lapresse,2019-09,2
lapresse,2019-10,1
lapresse,2020-02,1
lapresse,2020-04,9
lapresse,2020-05,4
lapresse,2020-06,4
lapresse,2020-07,3
lapresse,2020-10,3
lapresse,2020-11,5
lapresse,2020-12,1
lapresse,2021-01,2
lapresse,2021-02,1
lapresse,2021-03,3
lapresse,2021-04,6
lapresse,2021-05,4
lapresse,2021-06,5
lapresse,2021-07,4
lapresse,2021-08,4
lapresse,2021-09,32
lapresse,2021-10,20
lapresse,2021-11,14
lapresse,2021-12,4
lapresse,2022-01,36
lapresse,2022-02,28
lapresse,2022-03,26
lapresse,2022-04,16
lapresse,2022-05,20
lapresse,2022-06,17
lapresse,2022-07,21
lapresse,2022-08,24
lapresse,2022-09,16
lapresse,2022-10,17
lapresse,2022-11,12
lapresse,2022-12,26
lapresse,2023-01,21
lapresse,2023-02,21
lapresse,2023-03,26
lapresse,2023-04,24
lapresse,2023-05,30
lapresse,2023-06,29
lapresse,2023-07,33
lapresse,2023-08,31
lapresse,2023-09,33
lapresse,2023-10,34
lapresse,2023-11,33
lapresse,2023-12,33
lapresse,2024-01,26
lapresse,2024-02,18
lapresse,2024-03,14
lapresse,2024-04,9
lapresse,2024-05,4
lapresse,2024-06,11
lapresse,2024-07,25
lapresse,2024-08,31
lapresse,2024-09,30
lapresse,2024-10,63
lapresse,2024-11,61
lapresse,2024-12,78
lapresse,2025-01,340
lapresse,2025-02,253
lapresse,2025-03,247
lapresse,2025-04,340
lapresse,2025-05,131
lapresse,2025-06,75
lapresse,2025-07,118
lapresse,2025-08,202
lapresse,2025-09,255
lapresse,2025-10,322
lapresse,2025-11,316
lapresse,2025-12,334
lapresse,2026-01,301
lapresse,2026-02,295
lapresse,2026-03,313
lapresse,2026-04,395
lapresse,2026-05,340
lapresse,2026-06,310
lapresse,2026-07,354
lapresse,2026-08,239
lapresse,2026-09,142
leconomistmaghrebin,2013-12,60
leconomistmaghrebin,2014-01,59
leconomistmaghrebin,2014-02,44
leconomistmaghrebin,2014-03,76
leconomistmaghrebin,2014-04,154
leconomistmaghrebin,2014-05,138
leconomistmaghrebin,2014-06,156
leconomistmaghrebin,2014-07,132
leconomistmaghrebin,2014-08,74
leconomistmaghrebin,2014-09,177
leconomistmaghrebin,2014-10,182
leconomistmaghrebin,2014-11,152
leconomistmaghrebin,2014-12,156
leconomistmaghrebin,2015-01,148
leconomistmaghrebin,2015-02,58
leconomistmaghrebin,2015-03,169
leconomistmaghrebin,2015-04,169
leconomistmaghrebin,2015-05,168
leconomistmaghrebin,2015-06,143
leconomistmaghrebin,2015-07,61
leconomistmaghrebin,2015-08,45
leconomistmaghrebin,2015-09,150
leconomistmaghrebin,2015-10,201
leconomistmaghrebin,2015-11,192
leconomistmaghrebin,2015-12,184
leconomistmaghrebin,2016-01,131
leconomistmaghrebin,2016-02,135
leconomistmaghrebin,2016-03,125
leconomistmaghrebin,2016-04,132
leconomistmaghrebin,2016-05,149
leconomistmaghrebin,2016-06,111
leconomistmaghrebin,2016-07,69
leconomistmaghrebin,2016-08,66
leconomistmaghrebin,2016-09,105
leconomistmaghrebin,2016-10,45
leconomistmaghrebin,2016-11,149
leconomistmaghrebin,2016-12,120
leconomistmaghrebin,2017-01,107
leconomistmaghrebin,2017-02,110
leconomistmaghrebin,2017-03,41
leconomistmaghrebin,2017-04,104
leconomistmaghrebin,2017-05,48
leconomistmaghrebin,2017-06,108
leconomistmaghrebin,2017-07,118
leconomistmaghrebin,2017-08,99
leconomistmaghrebin,2017-09,147
leconomistmaghrebin,2017-10,175
leconomistmaghrebin,2017-11,169
leconomistmaghrebin,2017-12,174
leconomistmaghrebin,2018-01,166
leconomistmaghrebin,2018-02,49
leconomistmaghrebin,2018-03,62
leconomistmaghrebin,2018-04,62
leconomistmaghrebin,2018-05,126
leconomistmaghrebin,2018-06,131
leconomistmaghrebin,2018-07,132
leconomistmaghrebin,2018-08,130
leconomistmaghrebin,2018-09,70
leconomistmaghrebin,2018-10,200
leconomistmaghrebin,2018-11,178
leconomistmaghrebin,2018-12,157
leconomistmaghrebin,2019-01,111
leconomistmaghrebin,2019-02,87
leconomistmaghrebin,2019-03,75
leconomistmaghrebin,2019-04,84
leconomistmaghrebin,2019-05,102
leconomistmaghrebin,2019-06,68
leconomistmaghrebin,2019-07,57
leconomistmaghrebin,2019-08,98
leconomistmaghrebin,2019-09,89
leconomistmaghrebin,2019-10,141
leconomistmaghrebin,2019-11,122
leconomistmaghrebin,2019-12,114
leconomistmaghrebin,2020-01,112
leconomistmaghrebin,2020-02,126
leconomistmaghrebin,2020-03,111
leconomistmaghrebin,2020-04,133
leconomistmaghrebin,2020-05,152
leconomistmaghrebin,2020-06,103
leconomistmaghrebin,2020-07,157
leconomistmaghrebin,2020-08,123
leconomistmaghrebin,2020-09,135
leconomistmaghrebin,2020-10,120
leconomistmaghrebin,2020-11,192
leconomistmaghrebin,2020-12,135
leconomistmaghrebin,2021-01,98
leconomistmaghrebin,2021-02,150
leconomistmaghrebin,2021-03,146
leconomistmaghrebin,2021-04,149
leconomistmaghrebin,2021-05,144
leconomistmaghrebin,2021-06,148
leconomistmaghrebin,2021-07,101
leconomistmaghrebin,2021-08,87
leconomistmaghrebin,2021-09,117
leconomistmaghrebin,2021-10,115
leconomistmaghrebin,2021-11,138
leconomistmaghrebin,2021-12,130
leconomistmaghrebin,2022-01,144
leconomistmaghrebin,2022-02,131
leconomistmaghrebin,2022-03,196
leconomistmaghrebin,2022-04,221
leconomistmaghrebin,2022-05,212
leconomistmaghrebin,2022-06,203
leconomistmaghrebin,2022-07,111
leconomistmaghrebin,2022-08,166
leconomistmaghrebin,2022-09,242
leconomistmaghrebin,2022-10,199
leconomistmaghrebin,2022-11,216
leconomistmaghrebin,2022-12,233
leconomistmaghrebin,2023-01,143
leconomistmaghrebin,2023-02,166
leconomistmaghrebin,2023-03,165
leconomistmaghrebin,2023-04,182
leconomistmaghrebin,2023-05,201
leconomistmaghrebin,2023-06,274
leconomistmaghrebin,2023-07,235
leconomistmaghrebin,2023-08,236
leconomistmaghrebin,2023-09,252
leconomistmaghrebin,2023-10,293
leconomistmaghrebin,2023-11,258
leconomistmaghrebin,2023-12,263
leconomistmaghrebin,2024-01,298
leconomistmaghrebin,2024-02,241
leconomistmaghrebin,2024-03,279
leconomistmaghrebin,2024-04,278
leconomistmaghrebin,2024-05,307
leconomistmaghrebin,2024-06,309
leconomistmaghrebin,2024-07,258
leconomistmaghrebin,2024-08,176
leconomistmaghrebin,2024-09,211
leconomistmaghrebin,2024-10,336
leconomistmaghrebin,2024-11,356
leconomistmaghrebin,2024-12,261
leconomistmaghrebin,2025-01,287
leconomistmaghrebin,2025-02,246
leconomistmaghrebin,2025-03,220
leconomistmaghrebin,2025-04,301
leconomistmaghrebin,2025-05,288
leconomistmaghrebin,2025-06,245
leconomistmaghrebin,2025-07,263
leconomistmaghrebin,2025-08,197
leconomistmaghrebin,2025-09,254
leconomistmaghrebin,2025-10,228
leconomistmaghrebin,2025-11,240
leconomistmaghrebin,2025-12,240
leconomistmaghrebin,2026-01,229
leconomistmaghrebin,2026-02,174
leconomistmaghrebin,2026-03,167
leconomistmaghrebin,2026-04,245
leconomistmaghrebin,2026-05,239
leconomistmaghrebin,2026-06,204
leconomistmaghrebin,2026-07,209
leconomistmaghrebin,2026-08,145
leconomistmaghrebin,2026-09,107
nyt_economy,2024-10,5
nyt_economy,2024-11,45
nyt_economy,2024-12,39
nyt_economy,2025-01,48
nyt_economy,2025-02,51
nyt_economy,2025-03,76
nyt_economy,2025-04,163
nyt_economy,2025-05,43
nyt_economy,2025-06,34
nyt_economy,2025-07,41
nyt_economy,2025-08,50
nyt_economy,2025-09,26
nyt_economy,2025-10,32
nyt_economy,2025-11,36
nyt_economy,2025-12,26
nyt_economy,2026-01,49
nyt_economy,2026-02,39
nyt_economy,2026-03,61
nyt_economy,2026-04,50
nyt_economy,2026-05,41
nyt_economy,2026-06,55
nyt_economy,2026-07,42
nyt_economy,2026-08,28
nyt_economy,2026-09,20
tap,2026-08,133
tap,2026-09,150
