source,headline,n
assabah,مختصرات,1252
assabah,أخبار الحوادث,53
assabah,شريط الأحداث,48
assabah,خارج الحدود,34
assabah,شريط الحوادث,32
assabah,السجن لهاتك عرض قاصر,24
assabah,آش خاصك تدير؟,23
assabah,5 سنوات لهاتك عرض قاصر,18
assabah,تفكيك عصابة لسرقة السيارات,14
assabah,الحبس لهاتك عرض قاصر,12
assabah,إيقاف مروجي مخدرات بمراكش,12
assabah,جرائم في المدن,12
assabah,جلسة خمرية تنتهي بقتل,12
assabah,4 سنوات لهاتك عرض قاصر,10
assabah,متفرقات,10
assabah,السجن لمتهم بالسرقة بالجديدة,10
assabah,دليل حقوقك,10
assabah,دراسة في القانون,10
assabah,إدانة مروج كوكايين بالحسيمة,9
assabah,شريط الاحداث,9
assabah,(بدون عنوان),9
assabah,5 سنوات لمتهم بالسرقة,9
assabah,الحبس لمتهم بالسرقة بالجديدة,9
assabah,اعتقال مروجي مخدرات بمراكش,8
assabah,انتحار شاب بمكناس,8
assabah,احفوض: مدونة الشغل والحماية القانونية للاستثمار,7
assabah,مسارات البحث عن هوية جثة مجهولة بأكادير,7
assabah,تفكيك شبكة للهجرة السرية,7
assabah,6 سنوات لمتهم بالسرقة,7
assabah,تفكيك عصابة للسرقة بالناظور,7
assabah,تفكيك عصابة للسرقة بمكناس,7
assabah,إدانة هاتك عرض قاصر بمكناس,7
assabah,السجن لمتهم بالسرقة,7
assabah,مفهوم الأثر الرجعي للتقييد الاحتياطي,7
assabah,تفكيك عصابة بالناظور,7
assabah,الخيانة تطيح بمتزوجة بالجديدة,7
assabah,إحباط تهريب مخدرات بالناظور,7
assabah,تفكيك عصابة للسرقة بالبيضاء,7
assabah,إيقاف مبحوث عنه بالناظور,7
assabah,6 سنوات لهاتك عرض قاصر,6
assabah,حجز مخدرات بمطار طنجة,6
assabah,إيقاف مروج مخدرات بمراكش,6
assabah,“ما أضيق العيش لولا فسحة الأمل!…”,6
assabah,تفكيك شبكة دولية لتهريب المخدرات,6
assabah,جلسة خمرية تنتهي بجريمة قتل,6
assabah,إدانة سارق بالجديدة,6
assabah,تفكيك عصابة لسرقة النحاس,6
assabah,شريـط الحوادث,6
assabah,إدانة هاتك عرض قاصر,6
assabah,تفكيك شبكة للتهريب الدولي للمخدرات,6
assabah,من يحمي مهنة العدالة وكرامة العدول؟,6
assabah,مسوغات قاضي التحقيق في ملف آيت الجيد,6
assabah,8 سنوات لمتهم بالسرقة,6
assabah,6 سنوات لمتهم بالسرقة بالجديدة,6
assabah,الرصاص لإيقاف جانح هاجم الشرطة,5
assabah,5 سنوات لمغتصب قاصر,5
assabah,الغرفة الجنائية بمحكمة النقض وتخليق الحياة العامة,5
assabah,تفكيك عصابة للسرقة بالجديدة,5
assabah,إشهار السلاح لإيقاف جانح,5
assabah,إيقاف متهمين بتهجير البشر بالناظور,5
assabah,تأجيل محاكمة رئيس جماعة بالحوز,5
assabah,تفكيك شبكة لترويج المخدرات,5
assabah,السجن لسارق بالجديدة,5
assabah,سبع سنوات لمتهم بهتك عرض قاصر بمكناس,5
assabah,حجز مخدرات بميناء طنجة,5
assabah,تفكيك شبكة لسرقة السيارات بالبيضاء,5
assabah,المبادئ الأساسية للتنظيم القضائي,5
assabah,تفكيك عصابة للسرقة بمراكش,5
assabah,محكمة النقض والتكوين المستمر,5
assabah,اعتقال متزوجة وخليلها بالجديدة,5
assabah,جرائم المدن,5
assabah,حجز كوكايين بميناء طنجة,5
assabah,5 سنوات لسارق بالجديدة,5
assabah,أسباب تبرير الجريمة والإعفاء من العقوبة,5
assabah,تقييد الأحكام والعقود الصادرة بالخارج,5
assabah,الحبس لإرهابيين بسلا,5
assabah,الشركات المدنية المهنية للمحاماة في القانون المغربي والمقارن,5
assabah,دراسة: من يحمي مهنة العدالة وكرامة العدول؟,5
assabah,قراءة للمادة الثانية من مدونة الحقوق العينية,5
assabah,رقمنة الإدارة القضائية بالمغرب… واقع وآفاق,5
assabah,اعتقال مروجي مخدرات بفاس,5
assabah,الحبس لمتهم بالسرقة,5
assabah,“السورسي” لهاتك عرض قاصر,5
assabah,تفكيك شبكة للاتجار في البشر,5
assabah,الشروط والأحكام القانونية لاستئصال وزرع الأعضاء البشرية,5
assabah,اعتقال تجار مخدرات بالبيضاء,4
assabah,العقوبة التأديبية وفق التشريع المغربي,4
assabah,تفكيك شبكة لسرقة السيارات,4
assabah,وفاة سجين بالقنيطرة,4
assabah,إيقاف مروجي كوكايين بالناظور,4
assabah,انتحار شاب بالحسيمة,4
assabah,الحبس لمروج أقراص مهلوسة,4
assabah,خمس سنوات لـ”مشرمل” زوجته,4
assabah,جديد محاكمة متهمي اكديم ازيك,4
assabah,تفكيك عصابة للسرقة بالفقيه بن صالح,4
assabah,تفكيك عصابة قاصرين بالبيضاء,4
assabah,اعتقال مروجي مخدرات بالبيضاء,4
assabah,الحبس لرئيس جماعة بتازة,4
assabah,انتحار شاب بالجديدة,4
assabah,المؤبد لشقيقين متهمين بالقتل,4
assabah,حجز 20 دراجة نارية بالشماعية,4
assabah,قراءة في الفصل 570 من القانون الجنائي,4
assabah,الحبس لمروج مخدرات بالجديدة,4
assabah,سقوط مروج كوكايين بالحسيمة,4
assabah,تفكيك عصابة روعت البيضاء,4
assabah,مصرع شاب في حادثة بطنجة,4
assabah,بن سلامة: الإكراه البدني والغرامة التهديدية,4
assabah,الطعن في أساس الضريبة أمام اللجان الضريبية,4
assabah,تفكيك عصابة لسرقة الدراجات,4
assabah,جثة متحللة تستنفر أمن مكناس,4
assabah,الحبس لهاتك عرض قاصر بالجديدة,4
assabah,دراسة في القانون : قراءة في مسودة مشروع قانون المجلس الأعلى للسلطة القضائية,4
assabah,الحبس لمتهم بالسرقة بمكناس,4
assabah,10 سنوات لسارقين بالجديدة,4
assabah,السجن لمتهم بالسرقة والتخدير,4
assabah,السجن لمتهم بالهجوم على مسكن الغير,4
assabah,تفكيك عصابة للسرقة بالمحمدية,4
assabah,العثور على جثة رضيع بمكناس,4
assabah,أجهزة المحامين وماليتها في ضوء أطروحات الإصلاح,4
assabah,دراسة في القانون : دور الجمعيات المهنية والمدنية في الدفاع عن استقلال القضاء,4
assabah,دراسة في القانون : التدخل الطبي لفائدة الأشخاص الموضوعين تحت الحراسة النظرية,4
assabah,الرصاص لإيقاف جانحين بفاس,4
assabah,السلاح لإيقاف جانح بفاس,4
assabah,6 سنوات لسارق بالجديدة,4
assabah,خمس سنوات لهاتك عرض قاصر,4
assabah,دور السنديك في مسطرة التصفية,4
assabah,تأجيل محاكمة حامي الدين,4
assabah,السرقة من داخل السيارات تطيح بجانح,4
assabah,إحباط تهريب أطنان من المخدرات,4
assabah,الإدماج الاجتماعي والمهني للأشخاص في وضعية إعاقة,4
assabah,قراءة في قرار المحكمة الدستورية بتعذر البت,4
assabah,الحبس لمتزوجة وخليلها بالجديدة,4
assabah,إجراءات تصفية تركات وتعويضات المغاربة المتوفين بالخارج,4
assabah,إدانة مروجي كوكايين بالحسيمة,4
assabah,قاضي التحقيق على ضوء قانون المسطرة الجنائية,4
assabah,الخيانة تطيح بمتزوج وخليلته بالجديدة,4
assabah,إيداع متهم بالقتل مستشفى الأمراض العقلية,4
assabah,الحبس لهاتك عرض قاصر بمكناس,4
assabah,اعتقال لصوص بمكناس,4
assabah,قانون مكافحة غسل الأموال,4
assabah,حجز لحوم فاسدة بمكناس,4
assabah,15 سنة لقاتل شقيقه بالحاجب,4
assabah,دور محكمة النقض في حماية المال العام,4
assabah,اختصاص قاضي المستعجلات في ظهير التحفيظ العقاري,4
assabah,الحبس لمروج مخدرات بشيشاوة,4
assabah,السلاح لاعتقال جانح بفاس,4
assabah,السجن لمتهم بإحداث عاهة مستديمة,4
assabah,قراءة في الفصل 278 من مدونة الحقوق العينية,4
assabah,تفكيك عصابة للسرقة بطنجة,4
assabah,10 سنوات لمتهمين بالسرقة,4
assabah,تفكيك شبكة للاتجار بالبشر,4
assabah,إيقاف جانحين بالناظور,4
assabah,إدانة هاتك عرض قاصر بالبئر الجديد,4
assabah,جريمة قتل بسبب فتاة,4
assabah,دراسة في القانون : دور التشريع والنظام القضائي في تسوية مشاكل المهاجرين,4
assabah,الرصاص لإيقاف جانح بمكناس,4
economist_tunisia_all,What to watch this week,16
guardian_tunisia,This week in the Middle East,4
ilboursa,Les 5 infos business à retenir cette semaine,24
ilboursa,La Bourse de Tunis débute la semaine dans le rouge,14
ilboursa,TeleTrade organise une formation au Trading gratuite à Tunis et à Hammamet,13
ilboursa,La Bourse de Tunis débute la semaine dans le vert,12
ilboursa,La Bourse de Tunis termine la semaine dans le vert,12
ilboursa,La Bourse de Tunis termine la semaine dans le rouge,8
ilboursa,Apprenez l'Analyse fondamentale et l'Analyse technique Gratuitement avec Teletrade,8
ilboursa,Consensus de marché des titres cotés à la Bourse de Tunis,7
ilboursa,"Thème, panels, intervenants ... Tout ce qu'il faut savoir sur les Journées de l'Entreprise 2019",7
ilboursa,TeleTrade organise une formation au Trading gratuite à Tunis et à Nabeul,6
ilboursa,"TeleTrade organise une formation au Trading gratuite à Tunis, Nabeul et Sousse",6
ilboursa,La Bourse de Tunis met fin à sa mauvaise série,6
ilboursa,Le rebond se poursuit à la Bourse de Tunis,6
ilboursa,La Bourse de Tunis se maintient dans le rouge mercredi,6
ilboursa,Tunisie : La Banque centrale maintient inchangé son taux d’intérêt directeur,6
ilboursa,TeleTrade lancera deux formations sur les marchés financiers fin juillet 2015,5
ilboursa,La Bourse de Tunis efface une partie de ses gains de la veille,5
ilboursa,La Bourse de Tunis fait du surplace dans un marché au ralenti,5
ilboursa,La Bourse de Tunis commence la semaine dans le vert,5
ilboursa,La Bourse de Tunis termine la semaine sur une note positive,5
ilboursa,La Bourse de Tunis termine la semaine en beauté,5
ilboursa,TeleTrade débutera deux formations sur les marchés financiers le 5 décembre,5
ilboursa,La Bourse de Tunis poursuit sa marche en avant,5
ilboursa,La Bourse de Tunis entame la semaine dans le vert,5
ilboursa,La Bourse de Tunis fait du surplace dans un marché déserté,5
ilboursa,TeleTrade lancera sa 2ème session de formation des Gestionnaires d'actifs le 13 Octobre,4
ilboursa,La déprime se poursuit à la Bourse de Tunis,4
ilboursa,La Bourse de Tunis fait du surplace dans un marché creux,4
ilboursa,La Bourse de Tunis termine proche de l'équilibre,4
ilboursa,La Bourse de Tunis termine la semaine quasiment à l'équilibre,4
ilboursa,Attijari Leasing émet un emprunt obligataire de 20 millions de dinars,4
ilboursa,TeleTrade organise une formation Gratuite sur le Marché FOREX,4
ilboursa,La Bourse de Tunis entame la semaine du bon pied,4
ilboursa,Tunisie Leasing & Factoring émet un emprunt obligataire de 25 millions de dinars,4
ilboursa,La Bourse de Tunis fait quasiment du surplace jeudi,4
ilboursa,La Bourse de Tunis reprend quelques couleurs jeudi,4
ilboursa,Teletrade organise un cycle de Formation des Gestionnaires d'Actifs le 15 mai 2016,4
ilboursa,La Bourse de Tunis se maintient dans le rouge,4
ilboursa,La Bourse de Tunis poursuit sa dégringolade,4
ilboursa,Hannibal Lease émet un emprunt obligataire de 30 millions de dinars,4
ilboursa,Teletrade organise un cycle de Formation des Gestionnaires d'Actifs le 15 mai,4
ilboursa,La Bourse de Tunis commence la semaine dans le rouge,4
ilboursa,La baisse se poursuit à la Bourse de Tunis,4
kapitalis,Tunisie : Le taux directeur de la BCT maintenu à 8%,5
lapresse,Express,251
lapresse,Des faits et des chiffres,135
lapresse,Ils ont dit,77
lapresse,Kiosque international,67
lapresse,EXPRESS,47
lapresse,High tech & Innovation,35
lapresse,High Tech et Innovation,28
lapresse,Afrique News,18
lapresse,Ils ont dit…,14
lapresse,High Tech & Innovation,13
lapresse,ils ont dit,8
lapresse,High tech & innovation,7
lapresse,Éco Radar,7
leconomistmaghrebin,Pluviométrie,10
leconomistmaghrebin,Les nouvelles du marché boursier,8
leconomistmaghrebin,La BVMT ouvre la semaine dans le rouge,6
nyt_economy,Here’s the latest.,11
nyt_economy,What to know about the report.,10
